"DESCRIPTION","DURATION IN MS","NAME","PARENT SUITE","START TIME","STATUS","STOP TIME","SUB SUITE","SUITE","TEST CLASS","TEST METHOD"
"","1407","4XX popup coexists with a field-specific error, 401 popup suppresses the page entirely","firefox","2026-10-03","passed","2026-10-03","Global error popup","moviecatalog/err.test.ts","",""
"","1295","pagination buttons disable at both boundaries (mocked)","firefox","2026-10-03","passed","2026-10-03","Movie list","moviecatalog/list.test.ts","",""
"","1454","login page has no critical violations","chromium","2026-10-03","passed","2026-10-03","Accessibility","moviecatalog/a11y.test.ts","",""
"","5076","valid login navigates to the movie list","webkit","2026-10-03","passed","2026-10-03","Authentication & session","moviecatalog/auth.test.ts","",""
"","490","duplicate MID (409) clears the field and flags it (mocked)","chromium","2026-10-03","passed","2026-10-03","Add/Edit movie","moviecatalog/movie.test.ts","",""
"","906","invalid credentials show an inline error","firefox","2026-10-03","passed","2026-10-03","Authentication & session","moviecatalog/auth.test.ts","",""
"","1311","search is debounced to a single request","webkit","2026-10-03","passed","2026-10-03","Movie list","moviecatalog/list.test.ts","",""
"","5372","genre link ""Fantasy"" filters and self-marks active","firefox","2026-10-03","passed","2026-10-03","Movie list","moviecatalog/list.test.ts","",""
"","486","server-side validation errors map to the right fields (mocked)","chromium","2026-10-03","passed","2026-10-03","Add/Edit movie","moviecatalog/movie.test.ts","",""
"","1609","a 401 on any authenticated call logs out and shows a popup (mocked)","webkit","2026-10-03","passed","2026-10-03","Authentication & session","moviecatalog/auth.test.ts","",""
"","1253","genre link ""Comedy"" filters and self-marks active","firefox","2026-10-03","passed","2026-10-03","Movie list","moviecatalog/list.test.ts","",""
"","1507","no search matches shows the empty state (mocked)","webkit","2026-10-03","passed","2026-10-03","Movie list","moviecatalog/list.test.ts","",""
"","1836","delete confirmation flow and auto-dismissing toast","webkit","2026-10-03","passed","2026-10-03","Movie list","moviecatalog/list.test.ts","",""
"","1353","genre link ""Adventure"" filters and self-marks active","webkit","2026-10-03","passed","2026-10-03","Movie list","moviecatalog/list.test.ts","",""
"","1531","logout button clears the session","webkit","2026-10-03","passed","2026-10-03","Authentication & session","moviecatalog/auth.test.ts","",""
"","1369","wildcard pattern mocks every movie-detail request","firefox","2026-10-03","passed","2026-10-03","Network mocking depth","moviecatalog/net.test.ts","",""
"","1516","changing a filter issues exactly one new request","webkit","2026-10-03","passed","2026-10-03","Network mocking depth","moviecatalog/net.test.ts","",""
"","1154","confirming delete from the detail page returns to the list","chromium","2026-10-03","passed","2026-10-03","Movie detail","moviecatalog/detail.test.ts","",""
"","875","dismissing the popup is non-destructive","chromium","2026-10-03","passed","2026-10-03","Global error popup","moviecatalog/err.test.ts","",""
"","1238","submit stays disabled until the whole form is valid","webkit","2026-10-03","passed","2026-10-03","Add/Edit movie","moviecatalog/movie.test.ts","",""
"","2352","movie list page has no critical violations","firefox","2026-10-03","passed","2026-10-03","Accessibility","moviecatalog/a11y.test.ts","",""
"","1035","duplicate MID (409) clears the field and flags it (mocked)","firefox","2026-10-03","passed","2026-10-03","Add/Edit movie","moviecatalog/movie.test.ts","",""
"","535","pagination buttons disable at both boundaries (mocked)","chromium","2026-10-03","passed","2026-10-03","Movie list","moviecatalog/list.test.ts","",""
"","1242","nonexistent MID shows a not-found message (mocked)","firefox","2026-10-03","passed","2026-10-03","Movie detail","moviecatalog/detail.test.ts","",""
"","1390","a 401 on any authenticated call logs out and shows a popup (mocked)","firefox","2026-10-03","passed","2026-10-03","Authentication & session","moviecatalog/auth.test.ts","",""
"","340","submit stays disabled until the whole form is valid","chromium","2026-10-03","passed","2026-10-03","Add/Edit movie","moviecatalog/movie.test.ts","",""
"","832","valid login navigates to the movie list","chromium","2026-10-03","passed","2026-10-03","Authentication & session","moviecatalog/auth.test.ts","",""
"","1056","a 5XX on any call shows a refreshable popup (mocked)","chromium","2026-10-03","passed","2026-10-03","Global error popup","moviecatalog/err.test.ts","",""
"","1235","a network failure falls through to the component’s own error, not the popup","firefox","2026-10-03","passed","2026-10-03","Global error popup","moviecatalog/err.test.ts","",""
"","965","delete confirmation flow and auto-dismissing toast","chromium","2026-10-03","passed","2026-10-03","Movie list","moviecatalog/list.test.ts","",""
"","1636","dismissing the popup is non-destructive","webkit","2026-10-03","passed","2026-10-03","Global error popup","moviecatalog/err.test.ts","",""
"","952","genre link ""Action"" filters and self-marks active","firefox","2026-10-03","passed","2026-10-03","Movie list","moviecatalog/list.test.ts","",""
"","1372","pagination buttons disable at both boundaries (mocked)","webkit","2026-10-03","passed","2026-10-03","Movie list","moviecatalog/list.test.ts","",""
"","1275","sort toggles direction on repeated clicks","firefox","2026-10-03","passed","2026-10-03","Movie list","moviecatalog/list.test.ts","",""
"","435","edit and delete sit in separate left/right cells","chromium","2026-10-03","passed","2026-10-03","Movie detail","moviecatalog/detail.test.ts","",""
"","1021","submit stays disabled until the whole form is valid","firefox","2026-10-03","passed","2026-10-03","Add/Edit movie","moviecatalog/movie.test.ts","",""
"","2121","confirming delete from the detail page returns to the list","webkit","2026-10-03","passed","2026-10-03","Movie detail","moviecatalog/detail.test.ts","",""
"","2264","movie list page has no critical violations","webkit","2026-10-03","passed","2026-10-03","Accessibility","moviecatalog/a11y.test.ts","",""
"","1475","changing a filter issues exactly one new request","firefox","2026-10-03","passed","2026-10-03","Network mocking depth","moviecatalog/net.test.ts","",""
"","519","all required-field errors surface together on empty submit","chromium","2026-10-03","passed","2026-10-03","Add/Edit movie","moviecatalog/movie.test.ts","",""
"","1240","add-movie round trip completes within a time threshold","firefox","2026-10-03","passed","2026-10-03","Performance budgets","moviecatalog/perf.test.ts","",""
"","401","genre link ""Comedy"" filters and self-marks active","chromium","2026-10-03","passed","2026-10-03","Movie list","moviecatalog/list.test.ts","",""
"","1365","movie list page has no critical violations","chromium","2026-10-03","passed","2026-10-03","Accessibility","moviecatalog/a11y.test.ts","",""
"","1313","successful add navigates to the list with a success banner","firefox","2026-10-03","passed","2026-10-03","Add/Edit movie","moviecatalog/movie.test.ts","",""
"","453","nonexistent MID shows a not-found message (mocked)","chromium","2026-10-03","passed","2026-10-03","Movie detail","moviecatalog/detail.test.ts","",""
"","349","genre link ""Horror"" filters and self-marks active","chromium","2026-10-03","passed","2026-10-03","Movie list","moviecatalog/list.test.ts","",""
"","1150","studio ID resolves to studio name","firefox","2026-10-03","passed","2026-10-03","Movie detail","moviecatalog/detail.test.ts","",""
"","972","server-side validation errors map to the right fields (mocked)","firefox","2026-10-03","passed","2026-10-03","Add/Edit movie","moviecatalog/movie.test.ts","",""
"","1048","a mocked 401 from the login endpoint shows the same inline error","webkit","2026-10-03","passed","2026-10-03","Authentication & session","moviecatalog/auth.test.ts","",""
"","1060","network failure on the initial list load falls through to the component’s own error","webkit","2026-10-03","passed","2026-10-03","Network mocking depth","moviecatalog/net.test.ts","",""
"","2639","valid login navigates to the movie list","firefox","2026-10-03","passed","2026-10-03","Authentication & session","moviecatalog/auth.test.ts","",""
"","520","genre link ""Adventure"" filters and self-marks active","chromium","2026-10-03","passed","2026-10-03","Movie list","moviecatalog/list.test.ts","",""
"","1559","genre link ""Drama"" filters and self-marks active","webkit","2026-10-03","passed","2026-10-03","Movie list","moviecatalog/list.test.ts","",""
"","1150","unauthenticated access to a protected route redirects to /login","webkit","2026-10-03","passed","2026-10-03","Authentication & session","moviecatalog/auth.test.ts","",""
"","1604","a network failure falls through to the component’s own error, not the popup","webkit","2026-10-03","passed","2026-10-03","Global error popup","moviecatalog/err.test.ts","",""
"","1187","movie list loads within budget","webkit","2026-10-03","passed","2026-10-03","Performance budgets","moviecatalog/perf.test.ts","",""
"","1124","search is debounced to a single request","firefox","2026-10-03","passed","2026-10-03","Movie list","moviecatalog/list.test.ts","",""
"","494","studio ID resolves to studio name","chromium","2026-10-03","passed","2026-10-03","Movie detail","moviecatalog/detail.test.ts","",""
"","1653","sort toggles direction on repeated clicks","webkit","2026-10-03","passed","2026-10-03","Movie list","moviecatalog/list.test.ts","",""
"","501","successful add navigates to the list with a success banner","chromium","2026-10-03","passed","2026-10-03","Add/Edit movie","moviecatalog/movie.test.ts","",""
"","1792","a 5XX on any call shows a refreshable popup (mocked)","firefox","2026-10-03","passed","2026-10-03","Global error popup","moviecatalog/err.test.ts","",""
"","3919","no search matches shows the empty state (mocked)","firefox","2026-10-03","passed","2026-10-03","Movie list","moviecatalog/list.test.ts","",""
"","1710","canceling a pending delete leaves the row intact","webkit","2026-10-03","passed","2026-10-03","Movie list","moviecatalog/list.test.ts","",""
"","1262","edit and delete sit in separate left/right cells","firefox","2026-10-03","passed","2026-10-03","Movie detail","moviecatalog/detail.test.ts","",""
"","1227","edit and delete sit in separate left/right cells","webkit","2026-10-03","passed","2026-10-03","Movie detail","moviecatalog/detail.test.ts","",""
"","1036","genre link ""Thriller"" filters and self-marks active","webkit","2026-10-03","passed","2026-10-03","Movie list","moviecatalog/list.test.ts","",""
"","1737","genre link ""Horror"" filters and self-marks active","firefox","2026-10-03","passed","2026-10-03","Movie list","moviecatalog/list.test.ts","",""
"","1750","dismissing the popup is non-destructive","firefox","2026-10-03","passed","2026-10-03","Global error popup","moviecatalog/err.test.ts","",""
"","543","genre link ""Sci-Fi"" filters and self-marks active","chromium","2026-10-03","passed","2026-10-03","Movie list","moviecatalog/list.test.ts","",""
"","923","genre link ""Thriller"" filters and self-marks active","firefox","2026-10-03","passed","2026-10-03","Movie list","moviecatalog/list.test.ts","",""
"","1188","JS heap stays within budget after paging and filtering (Chromium only)","webkit","2026-10-03","skipped","2026-10-03","Performance budgets","moviecatalog/perf.test.ts","",""
"","1232","duplicate MID (409) clears the field and flags it (mocked)","webkit","2026-10-03","passed","2026-10-03","Add/Edit movie","moviecatalog/movie.test.ts","",""
"","1865","a 5XX on any call shows a refreshable popup (mocked)","webkit","2026-10-03","passed","2026-10-03","Global error popup","moviecatalog/err.test.ts","",""
"","1230","genre link ""Sci-Fi"" filters and self-marks active","webkit","2026-10-03","passed","2026-10-03","Movie list","moviecatalog/list.test.ts","",""
"","1436","genre link ""Mystery"" filters and self-marks active","webkit","2026-10-03","passed","2026-10-03","Movie list","moviecatalog/list.test.ts","",""
"","1337","genre link ""Action"" filters and self-marks active","webkit","2026-10-03","passed","2026-10-03","Movie list","moviecatalog/list.test.ts","",""
"","3083","login page has no critical violations","firefox","2026-10-03","passed","2026-10-03","Accessibility","moviecatalog/a11y.test.ts","",""
"","1483","all required-field errors surface together on empty submit","webkit","2026-10-03","passed","2026-10-03","Add/Edit movie","moviecatalog/movie.test.ts","",""
"","1675","4XX popup coexists with a field-specific error, 401 popup suppresses the page entirely","webkit","2026-10-03","passed","2026-10-03","Global error popup","moviecatalog/err.test.ts","",""
"","653","wildcard pattern mocks every movie-detail request","chromium","2026-10-03","passed","2026-10-03","Network mocking depth","moviecatalog/net.test.ts","",""
"","1415","logout button clears the session","firefox","2026-10-03","passed","2026-10-03","Authentication & session","moviecatalog/auth.test.ts","",""
"","1346","genre link ""Horror"" filters and self-marks active","webkit","2026-10-03","passed","2026-10-03","Movie list","moviecatalog/list.test.ts","",""
"","807","a mocked 401 from the login endpoint shows the same inline error","firefox","2026-10-03","passed","2026-10-03","Authentication & session","moviecatalog/auth.test.ts","",""
"","2165","no native dialogs anywhere in the delete flow","webkit","2026-10-03","passed","2026-10-03","Cross-cutting / non-functional","moviecatalog/nfr.test.ts","",""
"","1878","add-movie form is accessible at the element level","firefox","2026-10-03","passed","2026-10-03","Accessibility","moviecatalog/a11y.test.ts","",""
"","423","add-movie round trip completes within a time threshold","chromium","2026-10-03","passed","2026-10-03","Performance budgets","moviecatalog/perf.test.ts","",""
"","714","changing a filter issues exactly one new request","chromium","2026-10-03","passed","2026-10-03","Network mocking depth","moviecatalog/net.test.ts","",""
"","984","edit mode pre-fills the form and locks the MID","firefox","2026-10-03","passed","2026-10-03","Add/Edit movie","moviecatalog/movie.test.ts","",""
"","1359","add-movie round trip completes within a time threshold","webkit","2026-10-03","passed","2026-10-03","Performance budgets","moviecatalog/perf.test.ts","",""
"","546","genre link ""Action"" filters and self-marks active","chromium","2026-10-03","passed","2026-10-03","Movie list","moviecatalog/list.test.ts","",""
"","592","genre link ""Romance"" filters and self-marks active","chromium","2026-10-03","passed","2026-10-03","Movie list","moviecatalog/list.test.ts","",""
"","1231","invalid credentials show an inline error","webkit","2026-10-03","passed","2026-10-03","Authentication & session","moviecatalog/auth.test.ts","",""
"","1662","keyboard-only path through login → search → detail → back","firefox","2026-10-03","passed","2026-10-03","Cross-cutting / non-functional","moviecatalog/nfr.test.ts","",""
"","1049","keyboard-only path through login → search → detail → back","chromium","2026-10-03","passed","2026-10-03","Cross-cutting / non-functional","moviecatalog/nfr.test.ts","",""
"","1368","studio ID resolves to studio name","webkit","2026-10-03","passed","2026-10-03","Movie detail","moviecatalog/detail.test.ts","",""
"","828","rating + price filters combine and reset to page 0","chromium","2026-10-03","passed","2026-10-03","Movie list","moviecatalog/list.test.ts","",""
"","1378","wildcard pattern mocks every movie-detail request","webkit","2026-10-03","passed","2026-10-03","Network mocking depth","moviecatalog/net.test.ts","",""
"","2059","movie detail page has no critical violations","firefox","2026-10-03","passed","2026-10-03","Accessibility","moviecatalog/a11y.test.ts","",""
"","1114","movie detail page has no critical violations","chromium","2026-10-03","passed","2026-10-03","Accessibility","moviecatalog/a11y.test.ts","",""
"","5418","the UI stays usable while a request is artificially slow","firefox","2026-10-03","passed","2026-10-03","Network mocking depth","moviecatalog/net.test.ts","",""
"","1329","the UI stays usable while a request is artificially slow","chromium","2026-10-03","passed","2026-10-03","Network mocking depth","moviecatalog/net.test.ts","",""
"","1794","rating + price filters combine and reset to page 0","firefox","2026-10-03","passed","2026-10-03","Movie list","moviecatalog/list.test.ts","",""
"","865","genre link ""Romance"" filters and self-marks active","firefox","2026-10-03","passed","2026-10-03","Movie list","moviecatalog/list.test.ts","",""
"","923","canceling a pending delete leaves the row intact","chromium","2026-10-03","passed","2026-10-03","Movie list","moviecatalog/list.test.ts","",""
"","568","genre link ""Mystery"" filters and self-marks active","chromium","2026-10-03","passed","2026-10-03","Movie list","moviecatalog/list.test.ts","",""
"","774","a network failure falls through to the component’s own error, not the popup","chromium","2026-10-03","passed","2026-10-03","Global error popup","moviecatalog/err.test.ts","",""
"","1038","genre link ""Adventure"" filters and self-marks active","firefox","2026-10-03","passed","2026-10-03","Movie list","moviecatalog/list.test.ts","",""
"","856","movie list loads within budget","firefox","2026-10-03","passed","2026-10-03","Performance budgets","moviecatalog/perf.test.ts","",""
"","756","a 401 on any authenticated call logs out and shows a popup (mocked)","chromium","2026-10-03","passed","2026-10-03","Authentication & session","moviecatalog/auth.test.ts","",""
"","548","unauthenticated access to a protected route redirects to /login","chromium","2026-10-03","passed","2026-10-03","Authentication & session","moviecatalog/auth.test.ts","",""
"","484","edit mode pre-fills the form and locks the MID","chromium","2026-10-03","passed","2026-10-03","Add/Edit movie","moviecatalog/movie.test.ts","",""
"","388","search is debounced to a single request","chromium","2026-10-03","passed","2026-10-03","Movie list","moviecatalog/list.test.ts","",""
"","380","movie list loads within budget","chromium","2026-10-03","passed","2026-10-03","Performance budgets","moviecatalog/perf.test.ts","",""
"","422","genre link ""Thriller"" filters and self-marks active","chromium","2026-10-03","passed","2026-10-03","Movie list","moviecatalog/list.test.ts","",""
"","4983","login page has no critical violations","webkit","2026-10-03","passed","2026-10-03","Accessibility","moviecatalog/a11y.test.ts","",""
"","597","4XX popup coexists with a field-specific error, 401 popup suppresses the page entirely","chromium","2026-10-03","passed","2026-10-03","Global error popup","moviecatalog/err.test.ts","",""
"","936","network failure on the initial list load falls through to the component’s own error","firefox","2026-10-03","passed","2026-10-03","Network mocking depth","moviecatalog/net.test.ts","",""
"","491","genre link ""Drama"" filters and self-marks active","chromium","2026-10-03","passed","2026-10-03","Movie list","moviecatalog/list.test.ts","",""
"","2188","movie detail page has no critical violations","webkit","2026-10-03","passed","2026-10-03","Accessibility","moviecatalog/a11y.test.ts","",""
"","1839","no native dialogs anywhere in the delete flow","firefox","2026-10-03","passed","2026-10-03","Cross-cutting / non-functional","moviecatalog/nfr.test.ts","",""
"","622","authenticate and persist storageState","auth-setup","2026-10-03","passed","2026-10-03","","setup/moviecatalog.auth.setup.ts","",""
"","1732","all required-field errors surface together on empty submit","firefox","2026-10-03","passed","2026-10-03","Add/Edit movie","moviecatalog/movie.test.ts","",""
"","593","logout button clears the session","chromium","2026-10-03","passed","2026-10-03","Authentication & session","moviecatalog/auth.test.ts","",""
"","491","invalid credentials show an inline error","chromium","2026-10-03","passed","2026-10-03","Authentication & session","moviecatalog/auth.test.ts","",""
"","3829","confirming delete from the detail page returns to the list","firefox","2026-10-03","passed","2026-10-03","Movie detail","moviecatalog/detail.test.ts","",""
"","1109","genre link ""Comedy"" filters and self-marks active","webkit","2026-10-03","passed","2026-10-03","Movie list","moviecatalog/list.test.ts","",""
"","1454","canceling a pending delete leaves the row intact","firefox","2026-10-03","passed","2026-10-03","Movie list","moviecatalog/list.test.ts","",""
"","1183","edit mode pre-fills the form and locks the MID","webkit","2026-10-03","passed","2026-10-03","Add/Edit movie","moviecatalog/movie.test.ts","",""
"","351","genre link ""Fantasy"" filters and self-marks active","chromium","2026-10-03","passed","2026-10-03","Movie list","moviecatalog/list.test.ts","",""
"","1285","nonexistent MID shows a not-found message (mocked)","webkit","2026-10-03","passed","2026-10-03","Movie detail","moviecatalog/detail.test.ts","",""
"","861","genre link ""Mystery"" filters and self-marks active","firefox","2026-10-03","passed","2026-10-03","Movie list","moviecatalog/list.test.ts","",""
"","1352","server-side validation errors map to the right fields (mocked)","webkit","2026-10-03","passed","2026-10-03","Add/Edit movie","moviecatalog/movie.test.ts","",""
"","1749","rating + price filters combine and reset to page 0","webkit","2026-10-03","passed","2026-10-03","Movie list","moviecatalog/list.test.ts","",""
"","318","network failure on the initial list load falls through to the component’s own error","chromium","2026-10-03","passed","2026-10-03","Network mocking depth","moviecatalog/net.test.ts","",""
"","974","JS heap stays within budget after paging and filtering (Chromium only)","firefox","2026-10-03","skipped","2026-10-03","Performance budgets","moviecatalog/perf.test.ts","",""
"","1095","unauthenticated access to a protected route redirects to /login","firefox","2026-10-03","passed","2026-10-03","Authentication & session","moviecatalog/auth.test.ts","",""
"","1900","keyboard-only path through login → search → detail → back","webkit","2026-10-03","passed","2026-10-03","Cross-cutting / non-functional","moviecatalog/nfr.test.ts","",""
"","1252","no native dialogs anywhere in the delete flow","chromium","2026-10-03","passed","2026-10-03","Cross-cutting / non-functional","moviecatalog/nfr.test.ts","",""
"","1026","genre link ""Drama"" filters and self-marks active","firefox","2026-10-03","passed","2026-10-03","Movie list","moviecatalog/list.test.ts","",""
"","1985","the UI stays usable while a request is artificially slow","webkit","2026-10-03","passed","2026-10-03","Network mocking depth","moviecatalog/net.test.ts","",""
"","1401","genre link ""Fantasy"" filters and self-marks active","webkit","2026-10-03","passed","2026-10-03","Movie list","moviecatalog/list.test.ts","",""
"","514","sort toggles direction on repeated clicks","chromium","2026-10-03","passed","2026-10-03","Movie list","moviecatalog/list.test.ts","",""
"","534","a mocked 401 from the login endpoint shows the same inline error","chromium","2026-10-03","passed","2026-10-03","Authentication & session","moviecatalog/auth.test.ts","",""
"","1410","genre link ""Romance"" filters and self-marks active","webkit","2026-10-03","passed","2026-10-03","Movie list","moviecatalog/list.test.ts","",""
"","1761","delete confirmation flow and auto-dismissing toast","firefox","2026-10-03","passed","2026-10-03","Movie list","moviecatalog/list.test.ts","",""
"","951","add-movie form is accessible at the element level","chromium","2026-10-03","passed","2026-10-03","Accessibility","moviecatalog/a11y.test.ts","",""
"","1399","successful add navigates to the list with a success banner","webkit","2026-10-03","passed","2026-10-03","Add/Edit movie","moviecatalog/movie.test.ts","",""
"","1258","JS heap stays within budget after paging and filtering (Chromium only)","chromium","2026-10-03","passed","2026-10-03","Performance budgets","moviecatalog/perf.test.ts","",""
"","1833","add-movie form is accessible at the element level","webkit","2026-10-03","passed","2026-10-03","Accessibility","moviecatalog/a11y.test.ts","",""
"","878","genre link ""Sci-Fi"" filters and self-marks active","firefox","2026-10-03","passed","2026-10-03","Movie list","moviecatalog/list.test.ts","",""
"","816","no search matches shows the empty state (mocked)","chromium","2026-10-03","passed","2026-10-03","Movie list","moviecatalog/list.test.ts","",""
